Nombre,Artista,Duracion,Album
Thank You,Led Zeppelin,03:08,-
New World Man,Rush,02:43,-
Green Eyed Lady,Sugarloaf,02:49,-
Tuesday's Gone,Lynyrd Skynyrd,02:41,-
Voodoo Child (Slight Return),Jimi Hendrix,02:18,-
Take It Back,Pink Floyd,02:48,-
Just A Gigolo / I Ain't Got Nobody,David Lee Roth,02:59,-
Astronomy Domine,Pink Floyd,02:10,-
Stone Free,Jimi Hendrix,02:21,-
No One to Run With,Allman Brothers Band,03:15,-
Coming Up,Paul McCartney & Wings,02:52,-
Four Sticks,Led Zeppelin,02:38,-
Badge,Cream,03:10,-
It's In The Way That You Use It,Eric Clapton,03:24,-
Sgt. Pepper's Lonely Hearts Club Band (Reprise),The Beatles,03:29,-
Road To Nowhere,Ozzy Osbourne,02:36,-
Smokin',Boston,03:29,-
You're My Best Friend,Queen,03:27,-
Need You Tonight,INXS,02:43,-
Tenth Avenue Freeze-Out,Bruce Springsteen,03:09,-
Breadfan,Metallica,02:53,-
Home Sweet Home,Motley Crue,03:07,-
LITTLE CHILD,The Beatles,02:58,-
It Don't Come Easy,Ringo Starr,03:03,-
Comedown,Bush,03:24,-
Help!,The Beatles,02:52,-
Catedral,Francisca Valenzuela,4:29,Tajo Abierto
I'm No Angel,Gregg Allman,03:17,-
Brass In Pocket,The Pretenders,03:10,-
Coming Home,Cinderella,02:03,-
Mother's Little Helper,Rolling Stones,02:03,-
Owner of a Lonely Heart,Yes,02:35,-
Let It Grow,Eric Clapton,02:19,-
Get Off My Cloud,Rolling Stones,02:53,-
Jungle Love,Steve Miller Band,02:39,-
Addicted to Love,Robert Palmer,02:16,-
Back Door Man,The Doors,02:19,-
You Can't Always Get What You Want,Rolling Stones,02:50,-
Ramble On,Led Zeppelin,02:42,-
Wrong Way,Sublime,02:50,-
Subterranean Homesick Blues,Bob Dylan,03:09,-
25 Or 6 To 4,Chicago,02:34,-
Seven Nation Army,The White Stripes,02:58,-
Head Over Heels,Tears for Fears,03:12,-
Sunshine Superman,Donovan,02:54,-
Every Rose Has Its Thorn,Poison,03:06,-
In Memory Of Elizabeth Reed,Allman Brothers Band,02:37,-
I Shot The Sheriff,Eric Clapton,02:44,-
When the Music's Over,The Doors,02:01,-
Another One Bites the Dust,Queen,02:24,-
Blackbird,The Beatles,02:44,-
Fade To Black,Metallica,02:37,-
Ramblin' Gamblin' Man,Bob Seger,02:30,-
Some Like It Hot,The Power Station,02:30,-
Goodbye To Romance,Ozzy Osbourne,03:26,-
In the Air Tonight,Phil Collins,03:16,-
Give Me Love,George Harrison,02:22,-
Lorelei,Styx,02:23,-
Black Velvet,Alannah Myles,02:32,-
Peg,Steely Dan,02:28,-
Caught Up in You,.38 Special,02:18,-
The Crystal Ship,The Doors,03:01,-
While My Guitar Gently Weeps,The Beatles,03:07,-
Revolution,The Beatles,02:34,-
Arnold Layne,Pink Floyd,02:29,-
Eight Miles High,The Byrds,02:33,-
Crossfire,Stevie Ray Vaughan,02:18,-
The Word,The Beatles,02:57,-
Plush,Stone Temple Pilots,02:31,-
Glory Days,Bruce Springsteen,02:55,-
Civil War,Guns N' Roses,03:08,-
Heat of the Moment,Asia,02:07,-
Changes,Yes,03:19,-
Lowdown,Boz Scaggs,02:10,-
Shine On You Crazy Diamond,Pink Floyd,03:06,-
Doo Doo Doo Doo Doo (Heartbreaker),Rolling Stones,03:25,-
Knocking At Your Backdoo,Deep Purple,03:07,-
A Life Of Illusion,Joe Walsh,03:09,-
Cross-eyed Mary,Jethro Tull,02:05,-
Same Old Song and Dance,Aerosmith,03:19,-
Billion Dollar Babies,Alice Cooper,02:18,-
Stand,R.E.M.,03:28,-
Seven Bridges Road,Eagles,02:49,-
Rock & Roll Band,Boston,02:03,-
Somebody,Bryan Adams,02:27,-
Eyes Without a Face,Billy Idol,02:51,-
The Warrior,Scandal,03:16,-
The Pretender,Foo Fighters,02:47,-
Don't Look Back,Boston,03:26,-
SHOCK THE MONKEY,Peter Gabriel,02:16,-
Flying High Again,Ozzy Osbourne,02:16,-
Rocket Man,Elton John,02:33,-
Somebody Save Me,Cinderella,02:29,-
Cliffs Of Dover,Eric Johnson,03:25,-
Please Please Me,The Beatles,02:12,-
Maggie May,Rod Stewart,02:28,-
There's Only One Way to Rock,Sammy Hagar,02:06,-
Sunshine of Your Love,Cream,02:57,-
Today,Smashing Pumpkins,03:08,-
Run To The Hills,Iron Maiden,02:14,-
L.A. Woman,The Doors,02:23,-
Burn,Deep Purple,02:03,-
Royal Orleans,Led Zeppelin,02:21,-
Ramblin' Man,Allman Brothers Band,02:04,-
Live and Let Die,Paul McCartney & Wings,02:26,-
King Of Pain,The Police,02:41,-
All the Small Things,Blink-182,02:28,-
The Ripper,Judas Priest,02:34,-
Alive,Pearl Jam,02:20,-
San Franciscan Nights,The Animals,02:47,-
Alison,Elvis Costello,02:17,-
Brain Damage,Pink Floyd,03:06,-
Almost Superstar,Francisca Valenzuela,3:57,Tajo Abierto
Beast Of Burden,Rolling Stones,03:30,-
Jeremy,Pearl Jam,03:14,-
Funeral for a Friend (Love Lies Bleeding),Elton John,02:32,-
I'm A Man,The Spencer Davis Group,03:22,-
You Wreck Me,Tom Petty & The Heartbreakers,03:22,-
Reason to Believe,Rod Stewart,02:43,-
Everybody Wants to Rule the World,Tears for Fears,02:33,-
Thunder Road,Bruce Springsteen,02:49,-
Hey Joe,Jimi Hendrix,03:26,-
Down To The Waterline,Dire Straits,02:25,-
Let the Music Do the Talking,Aerosmith,02:46,-
Superstition,Stevie Wonder,02:41,-
N.i.b.,Black Sabbath,02:09,-
Juke Box Hero,Foreigner,03:11,-
DANIEL,Elton John,02:04,-
Rock The Casbah,The Clash,02:35,-
I'll Follow The Sun,The Beatles,03:26,-
Don't Know What You Got,Cinderella,02:11,-
No More No More,Aerosmith,02:21,-
Jesus Just Left Chicago,ZZ Top,03:22,-
In Bloom,Nirvana,03:12,-
Ordinary Average Guy,Joe Walsh,02:11,-
The Boys Are Back In Town,Thin Lizzy,02:33,-
Living After Midnight,Judas Priest,02:41,-
The Devil Went Down To Georgia,Charlie Daniels Band,02:37,-
THE WANTON SONG,Led Zeppelin,03:15,-
Light My Fire,The Doors,03:23,-
Too Much Time On My Hands,Styx,02:18,-
Don't Stop,Fleetwood Mac,02:54,-
The Memory Remains,Metallica,03:11,-
Suffragette City,David Bowie,02:51,-
Sympathy For The Devil,Rolling Stones,02:03,-
Roadhouse Blues,The Doors,03:23,-
Fly Like an Eagle,Steve Miller Band,03:22,-
All My Loving,The Beatles,02:59,-
Tom Sawyer,Rush,03:18,-
Mississippi Queen,Mountain,02:22,-
Traveling Riverside Blues,Led Zeppelin,02:06,-
Let My Love Open the Door,Pete Townshend,02:53,-
Black Coffee In Bed,Squeeze,02:09,-
Can't Find My Way Home,Blind Faith,03:13,-
THE LAST TIME,Rolling Stones,03:20,-
Tie Your Mother Down,Queen,02:45,-
Middle Of The Road,The Pretenders,02:38,-
Tonight Tonight (live),Genesis,02:32,-
You Can Call Me Al,Paul Simon,03:11,-
Escalation 666,Helloween,04:42,The Dark Ride
Joe's Garage,Frank Zappa,03:16,-
Here I Go Again,Whitesnake,03:18,-
I've Got A Feeling,The Beatles,03:10,-
Where Have All the Good Times Gone!,Van Halen,03:05,-
Elected,Alice Cooper,03:24,-
SHE'S A WOMAN,The Beatles,03:01,-
ALL YOU ZOMBIES,Hooters,02:59,-
YOU'VE GOT A FRIEND,JAMES TAYLOR,02:24,-
Since You Been Gone,Rainbow,02:07,-
Still Loving You,Scorpions,02:10,-
Evil Ways,Santana,03:24,-
Do It Again,Steely Dan,02:28,-
Dirty Deeds Done Dirt Cheap,AC/DC,03:03,-
Tired of Waiting,The Kinks,03:12,-
Turn Up the Radio,Autograph,02:34,-
Goodbye Stranger,Supertramp,02:01,-
Stay With Me,Faces,03:02,-
Dust In The Wind,Kansas,03:24,-
Jungleland,Bruce Springsteen,03:06,-
Surrender,Cheap Trick,02:32,-
Sgt. Pepper/a Day In The Life,The Beatles,02:32,-
TWO OUT OF THREE AIN'T BAD,Meat Loaf,02:29,-
Mr. Crowley,Ozzy Osbourne,02:10,-
Roadrunner,Jonathan Richman,02:46,-
Running On Empty,Jackson Browne,03:00,-
Dream On,Aerosmith,02:59,-
STILL THE ONE,Orleans,03:23,-
A Hard Day's Night,The Beatles,03:10,-
Man In The Box,Alice In Chains,03:20,-
(Sittin' On) The Dock of the Bay,Otis Redding,02:44,-
She Talks To Angels,The Black Crowes,02:42,-
Money for Nothing,Dire Straits,03:07,-
Time,Pink Floyd,02:02,-
I'd Love To Change The World,Ten Years After,03:26,-
CARS,Gary Numan,03:10,-
One Headlight,The Wallflowers,02:06,-
Thunderstruck,AC/DC,02:41,-
Waiting on a Friend,Rolling Stones,03:19,-
Ticket to Ride,The Beatles,02:35,-
Machinehead,Bush,02:25,-
Bad Moon Rising,Creedence Clearwater Revival,02:34,-
Radar Love,Golden Earring,02:49,-
Crazy,Aerosmith,02:21,-
Eye In the Sky,The Alan Parsons Project,02:03,-
I Won't Back Down,Tom Petty & The Heartbreakers,02:15,-
How Can I Refuse,Heart,03:08,-
For Those About To Rock,AC/DC,03:29,-
Layla,Derek & The Dominos,02:43,-
Wanted Dead or Alive,Bon Jovi,02:15,-
Rocky Mountain Way,Joe Walsh,02:07,-
Fire Down Below,Bob Seger,03:00,-
Close My Eyes Forever,Lita Ford,02:05,-
Bad Love,Eric Clapton,02:17,-
Like a Hurricane,Neil Young,02:35,-
Uncle John's Band,Grateful Dead,02:09,-
Take Me In Your Arms,The Doobie Brothers,02:14,-
JOHNNY B. GOODE,Chuck Berry,02:05,-
Call Me,Blondie,02:06,-
Mama Kin,Aerosmith,03:01,-
Me and Bobby McGee,Janis Joplin,03:11,-
Let Me Take You Home Tonight,Boston,03:06,-
Hey Jealousy,Gin Blossoms,02:01,-
On the Dark Side,John Cafferty,03:28,-
While You See a Chance,Steve Winwood,03:13,-
Crocodile Rock,Elton John,03:10,-
Love Is a Losing Game,Amy Winehouse,02:35,Back to Black
Black Magic Woman,Santana,02:14,-
Perry Mason,Ozzy Osbourne,02:29,-
Cuequita del corazon,Francisca Valenzuela,4:10,Tajo Abierto
South Bound Saurez,Led Zeppelin,02:54,-
My Hero,Foo Fighters,02:07,-
Metal Health,Quiet Riot,02:35,-
I Love Rock 'n Roll,Joan Jett,02:38,-
Sirens,Pearl Jam,02:47,-
Solsbury Hill,Peter Gabriel,02:17,-
Goodbye Blue Sky,Pink Floyd,02:33,-
Good Vibrations,The Beach Boys,02:26,-
New Year's Day,U2,02:15,-
Show Me the Way,Peter Frampton,02:36,-
Here Comes The Sun,The Beatles,03:20,-
I'm On Fire,Bruce Springsteen,03:17,-
YOU GOT THE SILVER,Rolling Stones,02:57,-
No Sleep Till Brooklyn,Beastie Boys,02:41,-
D'Yer Mak'er,Led Zeppelin,03:21,-
I Wanna Rock,Twisted Sister,02:46,-
Daughter,Pearl Jam,02:23,-
Send Her My Love,Journey,03:16,-
Penny Lane,The Beatles,02:35,-
One Love,Bob Marley,03:24,-
Cat Scratch Fever,Ted Nugent,02:13,-
Run Through the Jungle,Creedence Clearwater Revival,03:26,-
Come Together,The Beatles,02:45,-
Livin' On A Prayer,Bon Jovi,02:35,-
Strawberry Fields Forever,The Beatles,03:09,-
Good Day Sunshine,The Beatles,03:12,-
I Know a Little,Lynyrd Skynyrd,02:45,-
Paranoid,Black Sabbath,02:55,-
Don't Do Me Like That,Tom Petty & The Heartbreakers,02:04,-
The Needle and the Damage Done,Neil Young,02:04,-
Hot for Teacher,Van Halen,02:10,-
I Want You (She's So Heavy),The Beatles,03:30,-
THE SPIDER AND THE FLY,Rolling Stones,02:22,-
Redneck Friend,Jackson Browne,02:14,-
Elderly Woman Behind the Counter in a Small Town,Pearl Jam,02:37,-
And Your Bird Can Sing,The Beatles,03:05,-
Down Under,Men At Work,02:15,-
Something In the Air,Thunderclap Newman,03:08,-
White Rabbit,Jefferson Airplane,03:20,-
Buddy Holly,Weezer,02:59,-
Train In Vain,The Clash,02:47,-
Werewolves of London,Warren Zevon,02:58,-
Getting Better,The Beatles,02:33,-
To my love,Bomba Estereo,3:59,Amanecer
Whole Lotta Love,Led Zeppelin,02:14,-
Persephone,Wishbone Ash,02:55,-
Takin' It To The Streets,The Doobie Brothers,02:31,-
Hunger Strike,Temple of the Dog,02:12,-
Every Breath You Take,The Police,02:44,-
Never Going Back Again,Fleetwood Mac,02:37,-
Brothers In Arms,Dire Straits,03:07,-
The Best of My Love,Eagles,03:08,-
My Generation,The Who,03:09,-
Life During Wartime,Talking Heads,02:15,-
Sister Golden Hair,America,02:25,-
Scar Tissue,Red Hot Chili Peppers,02:00,-
Just Friends,Amy Winehouse,03:13,Back to Black
Don't Stop Me Now,Queen,03:15,-
Cowboy,Kid Rock,03:23,-
The Passenger,Iggy Pop,03:07,-
The Lamb Lies Down On Broadway,Genesis,03:10,-
The Wind Cries Mary,Jimi Hendrix,02:43,-
We're an American Band,Grand Funk Railroad,02:40,-
With Arms Wide Open,Creed,02:18,-
Open Arms,Journey,03:09,-
Whole Lotta Rosie,AC/DC,03:11,-
You Ain't Seen Nothin' Yet,Bachman-Turner Overdrive,02:23,-
You Oughta Know,Alanis Morissette,03:24,-
Gimme Back My Bullets,Lynyrd Skynyrd,02:26,-
Time Waits for No One,Rolling Stones,03:24,-
Let There Be Rock,AC/DC,03:18,-
Gallows Pole,Led Zeppelin,03:17,-
Wild Side,Motley Crue,02:36,-
Your Love,The Outfield,02:54,-
Space Oddity,David Bowie,02:22,-
I Wanna Be Sedated,The Ramones,02:24,-
Mr. Torture,Helloween,03:35,The Dark Ride
Conquistador,London Symphony Orchestra,02:22,-
Wonderwall,Oasis,02:21,-
I'm the Only One,Melissa Etheridge,02:21,-
Pinball Wizard,The Who,02:48,-
Load Out/Stay,Jackson Browne,02:57,-
Goin' up the Country,Canned Heat,02:02,-
Feeling That Way,Journey,02:16,-
Lucy In The Sky With Diamonds,The Beatles,02:06,-
Beer Drinkers & Hell Raisers,ZZ Top,03:11,-
Empty Spaces/young Lust,Pink Floyd,03:00,-
Houses of the Holy,Led Zeppelin,02:41,-
Don't Stop Believin',Journey,03:05,-
Old Time Rock & Roll,Bob Seger,02:35,-
(I Just) Died in Your Arms,Cutting Crew,02:21,-
Little Guitars,Van Halen,03:13,-
Space Station #5,Montrose,02:59,-
No Leaf Clover,Metallica,02:13,-
Lay Down Sally,Eric Clapton,03:11,-
Jingo,Santana,02:33,-
End of the Line,The Traveling Wilburys,03:22,-
Perfume de tu piel,Francisca Valenzuela,3:55,Tajo Abierto
Magic,The Cars,02:36,-
Man On the Moon,R.E.M.,03:21,-
All The Girls Love Alice,Elton John,02:43,-
Fly By Night,Rush,02:52,-
Love Her Madly,The Doors,02:03,-
After Midnight,Eric Clapton,02:37,-
Bad Medicine,Bon Jovi,02:21,-
Prenderemos fuego al cielo,Francisca Valenzuela,4:29,Tajo Abierto
Happy Jack,The Who,03:08,-
Heart of Gold,Neil Young,02:51,-
Fuel,Metallica,02:43,-
Five To One,The Doors,03:26,-
Saturday Night's Alright for Fighting,Elton John,02:02,-
Free for All,Ted Nugent,02:49,-
Synchronicity II,The Police,02:42,-
Take the Money and Run,Steve Miller Band,03:16,-
The Boys Of Summer,Don Henley,03:18,-
Dancing In the Dark,Bruce Springsteen,02:13,-
We Gotta Get You a Woman,Todd Rundgren,03:23,-
Wild Wild Life,Talking Heads,02:18,-
You Belong to the City,Glenn Frey,02:57,-
Authority Song,John Mellencamp,02:12,-
T.N.T.,AC/DC,02:54,-
Lay Your Hands On Me,Bon Jovi,02:23,-
Doctor My Eyes,Jackson Browne,03:08,-
CAN'T GET IT OUT OF MY HEAD,Electric Light Orchestra,02:04,-
Talk Dirty To Me,Poison,02:16,-
Back to Black,Amy Winehouse,04:01,Back to Black
Cocaine,Eric Clapton,03:10,-
Hey Hey What Can I Do,Led Zeppelin,02:37,-
The Chain,Fleetwood Mac,02:40,-
My Own Worst Enemy,Lit,03:13,-
Into The Mystic,Van Morrison,02:27,-
Cecilia,Simon & Garfunkel,02:21,-
Rock of Ages,Def Leppard,02:30,-
Analog Man,Joe Walsh,02:35,-
Not for You,Pearl Jam,02:06,-
Driver's Seat,Sniff 'n' the Tears,02:15,-
What I Got,Sublime,03:02,-
Dear Prudence,The Beatles,02:30,-
Is This Love,Whitesnake,02:46,-
Rhiannon,Fleetwood Mac,02:08,-
Midnight Rambler,Rolling Stones,02:04,-
Texas Flood,Stevie Ray Vaughan,03:28,-
Pink Cadillac,Bruce Springsteen,02:08,-
All You Need Is Love,The Beatles,02:15,-
Loser,Beck,02:03,-
Train Kept A-Rollin',Aerosmith,03:20,-
Walk On The Wild Side,Lou Reed,03:04,-
Lonely Ol' Night,John Mellencamp,02:43,-
Rehab,Amy Winehouse,03:34,Back to Black
Golden Slumbers,The Beatles,02:04,-
No No Song,Ringo Starr,02:29,-
That Was Yesterday,Foreigner,03:19,-
Killer Queen,Queen,02:04,-
School's Out,Alice Cooper,02:06,-
Sunday Bloody Sunday,U2,02:41,-
Abacab,Genesis,02:55,-
Lunatic Fringe,Red Rider,03:28,-
Longview,Green Day,02:39,-
Big Shot,Billy Joel,02:17,-
London Calling,The Clash,03:14,-
Moving In Stereo,The Cars,03:18,-
Rockin' Down The Highway,The Doobie Brothers,03:28,-
45,Shinedown,02:37,-
What You Need,INXS,03:05,-
Dancing With Myself,Billy Idol,02:26,-
Us and Them,Pink Floyd,03:07,-
Yesterday,The Beatles,02:18,-
Fm no Static At All,Steely Dan,03:24,-
Hello Goodbye,The Beatles,02:50,-
Subdivisions,Rush,02:59,-
Wild Night,Van Morrison,03:15,-
Stuck In the Middle With You,Stealers Wheel,02:16,-
Early 1970 [*],Ringo Starr,03:08,-
He Can Only Hold Her,Amy Winehouse,04:20,Back to Black
Cherry Pie,Warrant,02:26,-
Shake It Up,The Cars,02:25,-
Band on the Run,Paul McCartney & Wings,02:42,-
A Whiter Shade of Pale,Procol Harum,03:06,-
From Me To You,The Beatles,02:12,-
Wherever I May Roam,Metallica,02:16,-
Orange Crush,R.E.M.,02:27,-
Sgt. Pepper/with A Little Help From My Friends,The Beatles,02:00,-
Song 2,Blur,02:51,-
Monkey Wrench,Foo Fighters,03:25,-
Hello Again,The Cars,02:33,-
Don't Ask Me No Questions,Lynyrd Skynyrd,02:35,-
The Waiting,Tom Petty & The Heartbreakers,02:34,-
Drive My Car,The Beatles,03:17,-
Gold Dust Woman,Fleetwood Mac,02:11,-
Simply Irresistible,Robert Palmer,03:15,-
Me & Mr. Jones,Amy Winehouse,02:33,Back to Black
I Can't Tell You Why,Eagles,03:08,-
Rag Doll,Aerosmith,02:10,-
White Wedding,Billy Idol,02:03,-
Every Little Thing She Does Is Magic,The Police,02:40,-
Jailbreak,Thin Lizzy,02:47,-
Sara,Fleetwood Mac,02:01,-
Dogs,Pink Floyd,02:56,-
Foreplay (Long Time),Boston,02:22,-
Spirits In The Material World,The Police,02:09,-
So Lonely,The Police,03:03,-
Jet Airliner,Steve Miller Band,02:50,-
Leather and Lace,Stevie Nicks,02:25,-
(You Gotta) Fight for Your Right (To Party),Beastie Boys,02:02,-
Sweet Dreams (Are Made of This),Eurythmics,02:16,-
Them Bones,Alice In Chains,02:28,-
One Thing Leads To Another,The Fixx,03:17,-
I HEAR YOU KNOCKING,Dave Edmunds,02:24,-
The Kid Is Hot Tonite,Loverboy,02:02,-
Take Out The Gunman,Chevelle,02:17,-
It's Hard to Be a Saint in the City,Bruce Springsteen,02:42,-
TALK OF THE TOWN,The Pretenders,03:09,-
50 Ways to Leave Your Lover,Paul Simon,03:24,-
That's the Way,Led Zeppelin,02:25,-
Born To Run,Bruce Springsteen,02:58,-
Bad Time,Grand Funk Railroad,03:11,-
Aqualung,Jethro Tull,02:28,-
Working for the Weekend,Loverboy,02:02,-
Have a Cigar,Pink Floyd,02:45,-
Mama,Genesis,02:37,-
Peace Frog,The Doors,03:24,-
Goodnight Saigon,Billy Joel,02:18,-
How Many More Times,Led Zeppelin,02:47,-
The Fool On The Hill,The Beatles,02:55,-
The Zoo,Scorpions,02:34,-
I Need A Lover,John Mellencamp,02:05,-
The Sounds Of Silence,Simon & Garfunkel,02:32,-
You Shook Me All Night Long,AC/DC,02:26,-
Honky Tonk Women,Rolling Stones,03:02,-
Drive,The Cars,03:12,-
Invisible Sun,The Police,02:28,-
No More Tears,Ozzy Osbourne,02:49,-
The One I Love,R.E.M.,02:10,-
Copperhead Road,Steve Earle,02:56,-
Over the Mountain,Ozzy Osbourne,02:46,-
When I'm Gone,3 Doors Down,02:31,-
Something,The Beatles,02:11,-
All My Love,Led Zeppelin,02:19,-
Who'll Stop the Rain,Creedence Clearwater Revival,02:41,-
Wrapped Around Your Finger,The Police,02:07,-
I'm A Loser,The Beatles,02:30,-
THE SONG IS OVER,The Who,02:54,-
Lovely Rita,The Beatles,03:09,-
Should I Stay Or Should,The Clash,03:10,-
Casey Jones,Grateful Dead,02:17,-
Movin' Out (Anthony's Song),Billy Joel,02:21,-
WILD WORLD,Cat Stevens,02:08,-
Hand of Fate,Rolling Stones,02:54,-
Love Is A Battlefield,Pat Benatar,03:28,-
Do You Feel Like We Do,Peter Frampton,02:47,-
Bridge of Sighs,Robin Trower,03:25,-
The Battle Of Evermore,Led Zeppelin,02:57,-
Back in the Saddle,Aerosmith,03:07,-
Why Can't This Be Love,Van Halen,03:26,-
A Salty Dog,Procol Harum,02:49,-
Fly To The Angels,Slaughter,02:26,-
Levon,Elton John,03:17,-
Tumbling Dice,Rolling Stones,03:26,-
Mary Jane's Last Dance,Tom Petty & The Heartbreakers,02:16,-
How Long,Ace,02:19,-
Wake up Alone,Amy Winehouse,03:42,Back to Black
Paperback Writer,The Beatles,02:25,-
Janie's Got A Gun,Aerosmith,03:04,-
Double Vision,Foreigner,02:32,-
The Great Gig In the Sky,Pink Floyd,03:29,-
Lady Writer,Dire Straits,03:27,-
Saturday Night Special,Lynyrd Skynyrd,02:32,-
Closer to the Heart,Rush,02:40,-
Invincible,Pat Benatar,03:03,-
Home by the Sea/Second Home by the Sea,Genesis,02:16,-
Dance Little Sister,Rolling Stones,03:14,-
Cinnamon Girl,Neil Young,02:18,-
Rikki Don't Lose That Number,Steely Dan,03:07,-
Light Up,Styx,03:30,-
Highway To Hell,AC/DC,02:34,-
Dreamboat Annie,Heart,02:32,-
Rain On The Scarecrow,John Mellencamp,02:36,-
Old Man,Neil Young,02:55,-
Sweet Child O' Mine,Guns N' Roses,03:09,-
She's Waiting,Eric Clapton,02:49,-
Communication Breakdown,Led Zeppelin,02:05,-
Wonderful Tonight,Eric Clapton,02:37,-
Tempted,Squeeze,02:10,-
Follow You Follow Me,Genesis,02:12,-
Margaritaville,Jimmy Buffett,03:15,-
Squeeze Box,The Who,02:48,-
Forever Man,Eric Clapton,02:54,-
Handle with Care,The Traveling Wilburys,02:29,-
Brickyard Road,Johnny Van Zant,02:30,-
Miss You,Rolling Stones,03:25,-
Soul Sacrifice,Santana,02:36,-
30 Days In the Hole,Humble Pie,02:47,-
Green River,Creedence Clearwater Revival,03:05,-
Alone,Heart,02:18,-
Summer Nights,Van Halen,03:27,-
What's Up?,4 Non Blondes,02:46,-
Jack & Diane,John Mellencamp,02:09,-
Shine,Collective Soul,02:58,-
Voices,Russ Ballard,02:17,-
The Kids Aren't Alright,The Offspring,02:25,-
Are You Gonna Be My Girl,Jet,02:12,-
Counting Blue Cars,Dishwalla,02:35,-
Love In An Elevator,Aerosmith,02:47,-
The Load-out/stay,Jackson Browne,03:08,-
The Ballad Of Billy The Kid,Billy Joel,02:40,-
China Girl,David Bowie,02:47,-
Bell Bottom Blues,Derek & The Dominos,02:30,-
Hold On Loosely,.38 Special,02:51,-
Give It Away,Red Hot Chili Peppers,03:10,-
You Make Loving Fun,Fleetwood Mac,03:12,-
Point of Know Return,Kansas,02:18,-
Love Is Like A Rock,Donnie Iris,02:28,-
Only the Young,Journey,03:00,-
In the Summertime,Mungo Jerry,03:29,-
Happy,Rolling Stones,02:45,-
I Feel Fine,The Beatles,02:29,-
Games Without Frontiers,Peter Gabriel,02:26,-
Big Empty,Stone Temple Pilots,02:13,-
Use Somebody,Kings of Leon,02:41,-
Raiz,Bomba Estereo,3:38,Amanecer
Ain't Wastin' Time No More,Allman Brothers Band,02:42,-
Feeling Stronger Every,Chicago,02:58,-
Burnin' for You,Blue Oyster Cult,02:40,-
Dirty White Boy,Foreigner,03:07,-
The Weight,The Band,02:31,-
Immigrant Song,Led Zeppelin,03:10,-
Don't Go Away Mad (Just Go Away),Motley Crue,03:11,-
Tiny Dancer,Elton John,02:14,-
Badlands,Bruce Springsteen,03:25,-
Truckin',Grateful Dead,03:05,-
Midnight Rider,Gregg Allman,02:16,-
Fat Bottomed Girls,Queen,03:16,-
(I Can't Get No) Satisfaction,Rolling Stones,02:15,-
The Stranger,Billy Joel,02:10,-
Give It To Me,J. Geils Band,02:32,-
The Stroke,Billy Squier,02:51,-
We Just Disagree,Dave Mason,02:03,-
Lady,Styx,03:14,-
SÃ³lo tu,Bomba Estereo,4:14,Amanecer
Bennie And The Jets,Elton John,02:26,-
Cheap Sunglasses,ZZ Top,02:52,-
Ten Years Gone,Led Zeppelin,02:28,-
Holiday (Live),Green Day,03:09,-
Where To Now St. Peter,Elton John,02:27,-
All Day And All Of The Night,The Kinks,03:27,-
Youth Gone Wild,Skid Row,02:48,-
Rock Me Tonight,Billy Squier,02:50,-
For Whom The Bell Tolls,Metallica,02:47,-
Algo esta cambiando,Bomba Estereo,4:29,Amanecer
Livin' On The Edge,Aerosmith,03:02,-
Everybody Wants Some!!,Van Halen,02:22,-
(Don't Fear) The Reaper,Blue Oyster Cult,03:28,-
Jeepster,T. Rex,03:22,-
Emotional Rescue,Rolling Stones,03:23,-
Black Hole Sun,Soundgarden,03:16,-
Magic Bus,The Who,02:48,-
Too Many People,Paul McCartney & Linda McCartney,02:50,-
Captain Fantastic,Elton John,03:17,-
Put Your Lights On (feat. Everlast),Santana,03:11,-
Burnin' Sky,Bad Company,02:10,-
Take It Easy,Eagles,03:13,-
My Love,Paul McCartney & Wings,03:24,-
Two Princes,Spin Doctors,02:45,-
Higher Love,Steve Winwood,02:07,-
Bullet the Blue Sky,U2,03:15,-
Shinin' On,Grand Funk Railroad,03:14,-
My Michelle,Guns N' Roses,02:11,-
Signs,Five Man Electrical Band,03:11,-
I Want to Know What Love Is,Foreigner,02:23,-
Money,Pink Floyd,02:06,-
Mr. Tinkertrain,Ozzy Osbourne,02:10,-
Dancing Days,Led Zeppelin,02:11,-
TALKING IN YOUR SLEEP,The Romantics,03:11,-
Highway Star,Deep Purple,03:04,-
Get Together,The Youngbloods,02:38,-
It's the End of the World As We Know It (And I Feel Fine),R.E.M.,02:07,-
Lookin' Out My Back Door,Creedence Clearwater Revival,02:35,-
Riders On The Storm,The Doors,02:09,-
Prove It All Night,Bruce Springsteen,02:19,-
Destroyer,The Kinks,02:33,-
The Grand Illusion,Styx,03:14,-
She's The One,Bruce Springsteen,02:01,-
We Will Rock You,Queen,02:35,-
Dissident,Pearl Jam,02:45,-
She's a Rainbow,Rolling Stones,03:05,-
Rocky Raccoon,The Beatles,03:22,-
Bullet With Butterfly Wings,Smashing Pumpkins,02:46,-
YOU GOTTA MOVE,Rolling Stones,03:04,-
Your Wildest Dreams,The Moody Blues,02:27,-
Boulevard Of Broken Dreams,Green Day,02:27,-
Green Grass & High Tides,The Outlaws,02:56,-
Sundown,Gordon Lightfoot,02:11,-
It's Only Rock 'n Roll,Rolling Stones,02:05,-
UNDERCOVER OF THE NIGHT,Rolling Stones,02:11,-
Hysteria,Def Leppard,03:26,-
Blackout,Scorpions,02:09,-
When I See You Smile,Bad English,02:07,-
Who Can It Be Now?,Men At Work,02:39,-
Hey Nineteen,Steely Dan,02:41,-
Oye Como Va,Santana,03:02,-
#9 Dream,John Lennon,02:18,-
Hungry Heart,Bruce Springsteen,03:27,-
Diary Of A Madman,Ozzy Osbourne,02:43,-
Can't You Hear Me Knocking,Rolling Stones,02:44,-
Magic Man,Heart,02:25,-
The Lemon Song,Led Zeppelin,03:01,-
Dixie Chicken,Little Feat,02:27,-
Eight Days A Week,The Beatles,03:02,-
Jet City Woman,Queensryche,02:58,-
Caderas,Bomba Estereo,2:55,Amanecer
Right Place Wrong Time,Dr. John,02:26,-
Sledgehammer,Peter Gabriel,02:22,-
Simple Man,Lynyrd Skynyrd,02:44,-
Make Me Smile,Chicago,02:37,-
Come Dancing,The Kinks,02:49,-
Pride And Joy,Stevie Ray Vaughan,02:39,-
Under My Wheels,Alice Cooper,03:07,-
Junior's Farm,Paul McCartney & Wings,03:24,-
God Save The Queen,Sex Pistols,02:40,-
Waiting for a Girl Like You,Foreigner,02:19,-
Right Here Right Now,Jesus Jones,03:06,-
Doom And Gloom,Rolling Stones,03:04,-
Darlene,Led Zeppelin,02:17,-
Found Out About You,Gin Blossoms,03:04,-
All Star,Smash Mouth,02:43,-
I'm the One,Van Halen,02:38,-
Mainstreet,Bob Seger,03:28,-
Breaking the Girl,Red Hot Chili Peppers,02:46,-
Bron-y-aur Stomp,Led Zeppelin,02:48,-
Big Time,Peter Gabriel,03:15,-
Mar (Lo Que Siento),Bomba Estereo,3:49,Amanecer
Cover Me,Bruce Springsteen,03:24,-
Seagull,Bad Company,02:19,-
In the Light,Led Zeppelin,02:26,-
Heaven and Hell,Black Sabbath,03:25,-
R.O.C.K. In the U.S.A.,John Mellencamp,02:46,-
Fiesta,Bomba Estereo,3:39,Amanecer
The Ballad Of John And Yoko,The Beatles,03:02,-
Do You Remember Rock 'n' Roll Radio,The Ramones,02:59,-
New York State Of Mind,Billy Joel,02:03,-
Siempre eres tu,Francisca Valenzuela,4:49,Tajo Abierto
Life Is a Highway,Tom Cochrane,02:46,-
I Can't Stand It,Eric Clapton,02:31,-
Freeway Jam,Jeff Beck,03:07,-
Gold On The Ceiling,The Black Keys,02:52,-
The Rover,Led Zeppelin,02:56,-
Let's Go,The Cars,03:18,-
Norwegian Wood,The Beatles,02:12,-
Sgt. Pepper's Lonely Hearts Club Band,The Beatles,02:35,-
Dude (Looks Like a Lady),Aerosmith,02:49,-
Turn To Stone,Electric Light Orchestra,03:30,-
5:15,The Who,02:25,-
Sun King,The Beatles,03:20,-
Slow Ride,Foghat,03:27,-
Victim of Love,Eagles,02:17,-
The Joker,Steve Miller Band,02:47,-
Santa Monica,Everclear,02:39,-
I Don't Want To Know,Fleetwood Mac,02:38,-
Long Cool Woman,Hollies,02:11,-
SOUL MAN,Sam & Dave,03:23,-
Lido Shuffle,Boz Scaggs,02:15,-
Bungle In The Jungle,Jethro Tull,02:42,-
Semi-Charmed Life,Third Eye Blind,02:57,-
Creep,Stone Temple Pilots,02:21,-
Street Fighting Man,Rolling Stones,02:17,-
Bang a Gong (Get It On),T. Rex,02:06,-
Burden in My Hand,Soundgarden,02:31,-
Fool In the Rain,Led Zeppelin,03:05,-
The Wizard,Uriah Heep,02:10,-
Come As You Are,Nirvana,02:33,-
Sharp Dressed Man,ZZ Top,02:22,-
Last Kiss,Pearl Jam,03:19,-
Love Is Like Oxygen,Sweet,02:58,-
Once In A Lifetime,Talking Heads,02:20,-
Fixing A Hole,The Beatles,02:37,-
Paper in Fire,John Mellencamp,02:58,-
Time Stand Still (live),Rush,03:16,-
Toys in the Attic,Aerosmith,02:32,-
Why Can't We Be Friends,War,02:55,-
Enjoy the Silence,Depeche Mode,02:03,-
Baker Street,Gerry Rafferty,02:26,-
Knockin' On Heaven's Door,Bob Dylan,02:30,-
Basket Case,Green Day,02:58,-
I Am the Walrus,The Beatles,02:39,-
If I Could Fly,Helloween,04:25,The Dark Ride
Some Unholy War,Amy Winehouse,02:22,Back to Black
Jamie's Cryin',Van Halen,02:03,-
We Will Rock You/We Are The Champions,Queen,02:18,-
Love Reign O'er Me,The Who,02:53,-
Eruption - You Really Got Me,Van Halen,02:30,-
Twice As Hard,The Black Crowes,03:18,-
Paradise By The Dashboard Light,Meat Loaf,02:55,-
Thunder Island,Jay Ferguson,02:53,-
In Your Eyes,Peter Gabriel,03:04,-
Down By The Seaside,Led Zeppelin,02:20,-
Same Ol' Situation,Motley Crue,02:44,-
MLK/Pride,U2,02:47,-
Lights Out (Live),UFO,02:36,-
Red Red Wine,UB40,02:29,-
In My Time of Dying,Led Zeppelin,02:02,-
Round and Round,Ratt,02:54,-
Imagine,John Lennon,03:04,-
Seek & Destroy,Metallica,03:14,-
The World I Know,Collective Soul,02:24,-
Love Hurts,Nazareth,03:02,-
Mr. Brownstone,Guns N' Roses,02:16,-
The Trees,Rush,03:24,-
Up Around the Bend,Creedence Clearwater Revival,02:23,-
Proud Mary,Creedence Clearwater Revival,02:16,-
Stealin',Uriah Heep,02:54,-
I'm Free,The Who,03:25,-
Pulling Mussels,Squeeze,02:57,-
Desperado,Eagles,03:15,-
Up On Cripple Creek,The Band,03:12,-
Lonely Boy,The Black Keys,02:17,-
Bark At The Moon,Ozzy Osbourne,03:19,-
Message In A Bottle,The Police,02:58,-
Hitch A Ride,Boston,02:10,-
Fortunate Son,Creedence Clearwater Revival,03:10,-
Fire Woman,The Cult,03:30,-
Beautiful Day,U2,03:22,-
Stone Cold,Rainbow,03:14,-
Sex On Fire,Kings of Leon,03:20,-
Californication,Red Hot Chili Peppers,02:03,-
Closer To Home (I'm Your Captain),Grand Funk Railroad,02:04,-
More Than a Feeling,Boston,02:21,-
House Of The Rising Sun,The Animals,03:20,-
Red House,Jimi Hendrix,03:02,-
How You Remind Me,Nickelback,02:35,-
The Story In Your Eyes,The Moody Blues,02:07,-
The Trooper,Iron Maiden,03:02,-
Those Shoes,Eagles,03:12,-
I CAN'T EXPLAIN,The Who,02:58,-
We Built This City,Jefferson Starship,02:16,-
Welcome To The Machine,Pink Floyd,02:18,-
Break On Through,The Doors,02:59,-
Never Been Any Reason,Head East,02:57,-
TANGERINE,Led Zeppelin,02:04,-
Born to Be Wild,Steppenwolf,03:22,-
Friends,Led Zeppelin,03:19,-
I've Just Seen A Face,The Beatles,02:04,-
I CAN SEE CLEARLY NOW,Johnny Nash,03:23,-
Fell On Black Days,Soundgarden,02:42,-
Reprise / Day in the Life,The Beatles,02:01,-
My City Was Gone,The Pretenders,02:32,-
CRAZY LOVE,Van Morrison,03:24,-
Epic,Faith No More,03:22,-
Over the Hills and Far Away,Led Zeppelin,02:15,-
Moondance,Van Morrison,03:01,-
Misunderstanding,Genesis,03:28,-
Hero of the Day,Metallica,02:10,-
One Way Or Another,Blondie,03:26,-
Sweet Leaf,Black Sabbath,02:50,-
Hocus Pocus,Focus,02:01,-
Master of Puppets,Metallica,02:06,-
Born In the U.S.A.,Bruce Springsteen,02:07,-
WAITIN' FOR THE BUS/JESUS JUST LEFT CHICAGO,ZZ Top,03:26,-
Rosalita (Come Out Tonight),Bruce Springsteen,02:35,-
Brown Sugar,Rolling Stones,02:51,-
Someone Saved My Life Tonight,Elton John,02:55,-
Don't Let Me Down,The Beatles,03:15,-
Sweet Talkin' Woman,Electric Light Orchestra,03:16,-
Witchy Woman,Eagles,03:07,-
IT'S ALL OVER NOW,Rolling Stones,03:04,-
Sweet Jane (Live),Lou Reed,03:00,-
Custard Pie,Led Zeppelin,02:30,-
Godzilla,Blue Oyster Cult,03:28,-
Are You Gonna Go My Way,Lenny Kravitz,03:06,-
Electric Eye,Judas Priest,02:14,-
And the Cradle Will Rock...,Van Halen,02:11,-
(You Can Still) Rock in America,Night Ranger,02:40,-
Trans Am (Highway Wonderland),Sammy Hagar,02:52,-
In the Evening,Led Zeppelin,02:39,-
Wish You Were Here,Pink Floyd,03:28,-
The South's Gonna Do It Again,Charlie Daniels Band,03:28,-
China Grove,The Doobie Brothers,02:48,-
Yankee Rose,David Lee Roth,02:37,-
Good Clean Fun,Allman Brothers Band,02:22,-
Black Cow,Steely Dan,02:07,-
Flight Of Icarus,Iron Maiden,02:14,-
Immortal,Helloween,04:30,The Dark Ride
The Dark Ride,Helloween,09:00,The Dark Ride
Blister In the Sun,Violent Femmes,02:48,-
Voy,Bomba Estereo,3:16,Amanecer
See Emily Play,Pink Floyd,02:46,-
Rebel Yell,Billy Idol,02:16,-
Crumblin' Down,John Mellencamp,03:22,-
Stranglehold,Ted Nugent,02:01,-
Welcome To My Nightmare,Alice Cooper,02:39,-
Pump It Up,Elvis Costello,02:58,-
Centerfield,John Fogerty,02:46,-
Self Esteem,The Offspring,02:15,-
Learn To Fly,Foo Fighters,02:53,-
All Right Now,Free,02:35,-
Smuggler's Blues,Glenn Frey,02:04,-
Can't Get Enough,Bad Company,03:13,-
No Sugar Tonight / New Mother Nature,Guess Who,03:26,-
Man On The Silver Mountain,Rainbow,02:54,-
Keep On Loving You,REO Speedwagon,03:03,-
Rock And Roll All Nite,Kiss,03:04,-
Psycho Killer,Talking Heads,03:15,-
Ah! Leah!,Donnie Iris,03:05,-
Rebel Rebel,David Bowie,02:43,-
GIRL,The Beatles,03:11,-
Tales Of Brave Ulysses,Cream,03:16,-
Pretending,Eric Clapton,02:34,-
Draw The Line,Aerosmith,02:02,-
The Back Seat Of My Car,Paul McCartney & Linda McCartney,02:58,-
Oh Sherrie,Steve Perry,02:34,-
Unchained,Van Halen,02:48,-
Ride My See Saw,The Moody Blues,03:29,-
Cold As Ice,Foreigner,02:57,-
Athena,The Who,03:13,-
Freeze-frame,J. Geils Band,02:30,-
With Or Without You,U2,02:23,-
Fame,David Bowie,02:07,-
Amanda,Boston,02:04,-
Beds Are Burning,Midnight Oil,03:00,-
Bad Case Of Lovin' You,Robert Palmer,02:36,-
Starship Trooper,Yes,03:12,-
Down by the River,Neil Young,02:55,-
Long Haired Country Boy,Charlie Daniels Band,02:31,-
Last Child,Aerosmith,02:58,-
Wishing Well,Free,02:35,-
Sweet Hitch Hiker,Creedence Clearwater Revival,02:33,-
Turn The Page,Bob Seger,02:32,-
Venus and Mars/Rock Show,Paul McCartney & Wings,03:23,-
Don't Stand So Close To Me,The Police,03:15,-
Don't You,Simple Minds,02:22,-
The Dogs Of War,Pink Floyd,03:07,-
THESE EYES,Guess Who,02:11,-
You Never Give Me Your Money,The Beatles,02:12,-
Come Sail Away,Styx,03:29,-
Crazy On You,Heart,03:00,-
THE CONTINUING STORY OF BUNG,The Beatles,02:42,-
Dirty Work,Steely Dan,03:22,-
One Vision,Queen,03:30,-
Waiting For The Sun,The Doors,03:13,-
Her Strut,Bob Seger,02:18,-
Right Down the Line,Gerry Rafferty,02:58,-
Blitzkrieg Bop,The Ramones,03:29,-
Higher,Creed,03:22,-
Hotel California,Eagles,03:03,-
You Know I'm No Good,Amy Winehouse,04:17,Back to Black
Landslide,Fleetwood Mac,02:36,-
Black Water,The Doobie Brothers,02:37,-
What's Your Name,Lynyrd Skynyrd,02:02,-
Blurry,Puddle of Mudd,02:35,-
Bound for the Floor,Local H,02:10,-
Crazy Little Thing Called Love,Queen,02:25,-
Positively 4th Street,Bob Dylan,03:00,-
Iris,The Goo Goo Dolls,03:10,-
Fool for Your Loving,Whitesnake,02:16,-
Child In Time,Deep Purple,02:48,-
Soul to Squeeze,Red Hot Chili Peppers,02:09,-
Strange Magic,Electric Light Orchestra,03:18,-
Run to You,Bryan Adams,02:37,-
SHE'S ALWAYS A WOMAN,Billy Joel,02:52,-
Long Train Runnin',The Doobie Brothers,02:02,-
I Want To Hold Your Hand,The Beatles,03:26,-
Tears Dry on Their Own,Amy Winehouse,03:06,Back to Black
Maggot Brain,Funkadelic,03:13,-
No One Like You,Scorpions,02:11,-
Racing in the Streets,Bruce Springsteen,03:24,-
I Live For Your Pain,Helloween,04:12,The Dark Ride
Yellow Ledbetter,Pearl Jam,03:15,-
Ziggy Stardust,David Bowie,03:13,-
ANYTIME AT ALL,The Beatles,02:31,-
Some Kind of Wonderful,Grand Funk Railroad,03:14,-
All Summer Long,Kid Rock,03:08,-
What a Fool Believes,The Doobie Brothers,02:58,-
Land Of Confusion,Genesis,03:21,-
When You Close Your Eyes,Night Ranger,03:29,-
Abracadabra,Steve Miller Band,02:15,-
Bad,U2,02:25,-
The Real Me,The Who,02:17,-
Jammin' Me,Tom Petty & The Heartbreakers,02:47,-
What It Takes,Aerosmith,02:02,-
Driven to Tears,The Police,02:38,-
Summer In the City,The Lovin' Spoonful,02:05,-
Poundcake,Van Halen,02:24,-
Ooh La La,Faces,02:33,-
NIGHT FLIGHT,Led Zeppelin,02:55,-
On The Turning Away,Pink Floyd,02:29,-
Moonlight Drive,The Doors,03:01,-
I Can't Quit You Baby,Led Zeppelin,02:18,-
Tube Snake Boogie,ZZ Top,02:41,-
Get It While You Can,Janis Joplin,03:23,-
Paint It Black,Rolling Stones,02:04,-
Nothin' But A Good Time,Poison,02:16,-
Neon Knights,Black Sabbath,02:41,-
Can't You See,The Marshall Tucker Band,02:56,-
She's Leaving Home,The Beatles,02:25,-
And She Was,Talking Heads,02:38,-
The First Cut Is The Deepest,Rod Stewart,02:52,-
You're Going To Lose That Girl,The Beatles,02:37,-
Lyin' Eyes,Eagles,03:13,-
Misty Mountain Hop,Led Zeppelin,02:22,-
Young Americans,David Bowie,03:08,-
Walking On The Moon,The Police,03:30,-
Sweet Home Alabama,Lynyrd Skynyrd,03:08,-
Touch of Grey,Grateful Dead,02:57,-
Spirit In The Night,Bruce Springsteen,02:58,-
P.s. I Love You,The Beatles,02:42,-
Jump,Van Halen,03:24,-
Hold Your Head Up,Argent,02:42,-
Brain Stew/Jaded,Green Day,02:01,-
Like a Stone,Audioslave,03:29,-
A Horse With No Name,America,02:06,-
Night Prowler,AC/DC,02:15,-
Have You Ever Seen the Rain?,Creedence Clearwater Revival,02:55,-
Strutter,Kiss,02:38,-
Breathe,Pink Floyd,02:18,-
Lights,Journey,02:48,-
The Cisco Kid,War,03:19,-
Under My Thumb,Rolling Stones,02:40,-
Fashion,David Bowie,03:22,-
Mother,Pink Floyd,02:18,-
Blinded by the Light,Manfred Mann,02:34,-
One Slip,Pink Floyd,02:41,-
Travelin' Band,Creedence Clearwater Revival,02:17,-
Let's Spend the Night Together,Rolling Stones,02:24,-
HEARD IT IN A LOVE SONG,The Marshall Tucker Band,02:39,-
That Smell,Lynyrd Skynyrd,03:23,-
Rockin' Into the Night,.38 Special,02:46,-
Speak to Me/Breathe,Pink Floyd,02:29,-
In America,Charlie Daniels Band,02:13,-
Ain't Too Proud to Beg,Rolling Stones,02:21,-
Madman Across The Water,Elton John,02:44,-
What Is and What Should Never Be,Led Zeppelin,02:56,-
Europa,Santana,02:25,-
That's All,Genesis,03:06,-
2112: Overture / The Temples of Syrinx (Chronicles Version),Rush,03:15,-
Rock You Like a Hurricane,Scorpions,02:51,-
Won't Get Fooled Again,The Who,03:24,-
I Melt With You,Modern English,02:14,-
Hang Fire,Rolling Stones,03:07,-
Kashmir,Led Zeppelin,02:52,-
Eminence Front,The Who,02:39,-
I Still Haven't Found What I'm Looking For,U2,03:21,-
Would?,Alice In Chains,03:21,-
No Quarter,Led Zeppelin,02:04,-
Mr. Soul,Buffalo Springfield,02:36,-
Vertigo,U2,02:21,-
Monday Morning,Fleetwood Mac,02:02,-
Cry For A Shadow,The Beatles,03:22,-
Lazy,Deep Purple,02:44,-
Shooting Star,Bad Company,02:32,-
Big City Nights,Scorpions,03:29,-
Hand In My Pocket,Alanis Morissette,03:20,-
Rock Candy,Montrose,02:41,-
I Can't Drive 55,Sammy Hagar,03:18,-
Maxwell's Silver Hammer,The Beatles,03:19,-
Things We Said Today,The Beatles,02:52,-
Touch Too Much,AC/DC,02:14,-
Two Of Us,The Beatles,02:55,-
Sorry,Buckcherry,03:26,-
Roxanne,The Police,02:04,-
Take the Long Way Home,Supertramp,03:00,-
You're In My Heart (The Final Acclaim),Rod Stewart,02:12,-
Tonight's the Night (Gonna Be Alright),Rod Stewart,03:01,-
Turn Me Loose,Loverboy,03:25,-
Low,Cracker,02:44,-
Pearl Necklace,ZZ Top,02:22,-
These Days,Foo Fighters,02:10,-
The Unforgiven,Metallica,02:02,-
All the Young Dudes,Mott the Hoople,02:55,-
Don't Let The Sun Go Down On Me,Elton John,03:04,-
Low Rider,War,02:20,-
The Heart of the Matter,Don Henley,02:40,-
Even Flow,Pearl Jam,02:13,-
Kodachrome,Paul Simon,03:08,-
Candle in the Wind,Elton John,02:27,-
My Sweet Lord,George Harrison,02:40,-
Jane Says,Jane's Addiction,02:09,-
Sgt. Pepper Inner Groove,The Beatles,03:16,-
Grey Ghost,Henry Paul Band,02:21,-
Let's Dance,David Bowie,02:31,-
The Final Countdown,Europe,03:07,-
Can't Stand Losing You,The Police,03:07,-
Crazy Train,Ozzy Osbourne,02:27,-
Everybody's Got Something To Hide Except Me And My Monk,The Beatles,03:12,-
Move Over,Janis Joplin,02:36,-
Hold Me,Fleetwood Mac,02:48,-
Rocket,Def Leppard,02:04,-
The Core,Eric Clapton,02:35,-
Domino,Van Morrison,03:29,-
YOUR MOTHER SHOULD KNOW,The Beatles,02:12,-
Let It Ride,Bachman-Turner Overdrive,03:29,-
Honky Cat,Elton John,02:14,-
The House Is Rockin',Stevie Ray Vaughan,03:23,-
On the Road Again,Canned Heat,03:11,-
One Of These Days,Pink Floyd,02:15,-
Amanecer,Bomba Estereo,4:08,Amanecer
Trampled Under Foot,Led Zeppelin,02:19,-
Sunset Grill,Don Henley,02:13,-
Night Moves,Bob Seger,02:36,-
The Changeling,The Doors,03:18,-
I Saw Her Standing There,The Beatles,03:26,-
Love Song,Tesla,02:09,-
Got To Get You Into My Life,The Beatles,02:37,-
The Ocean,Led Zeppelin,02:10,-
For Your Life,Led Zeppelin,02:02,-
Dreamer,Supertramp,02:49,-
Bad Motor Scooter,Montrose,02:53,-
Bring It On Home,Led Zeppelin,02:27,-
Shot in the Dark,Ozzy Osbourne,02:32,-
Ice Cream Man,Van Halen,03:03,-
Rock On,David Essex,02:40,-
Wind Of Change,Scorpions,02:03,-
Give a Little Bit,Supertramp,02:06,-
Dumb,Nirvana,03:12,-
Isn't It Time,The Babys,02:04,-
Detroit Rock City,Kiss,03:21,-
Born To Be My Baby,Bon Jovi,02:55,-
Hard To Handle,The Black Crowes,03:12,-
Jackie Blue,Ozark Mountain Daredevils,03:26,-
It's Been Awhile,Staind,02:20,-
Estremecer,Francisca Valenzuela,3:49,Tajo Abierto
Slide It In,Whitesnake,03:19,-
Free Ride,Edgar Winter Group,02:03,-
Apeman,The Kinks,02:11,-
Long Distance Runaround,Yes,03:05,-
Suzie Q,Creedence Clearwater Revival,02:10,-
No Reply At All,Genesis,02:24,-
Hold On,Triumph,02:52,-
So Far Away,Dire Straits,03:22,-
Heartbreaker/living Loving Maid she's Just A Woman,Led Zeppelin,02:27,-
Lightning Bolt,Pearl Jam,02:05,-
Bicycle Race,Queen,02:31,-
The Break Up Song,Greg Kihn Band,02:28,-
American Pie,Don McLean,02:17,-
Let's Ride,Kid Rock,02:23,-
Rough Boys,Pete Townshend,03:22,-
Love Bites,Def Leppard,02:20,-
Back In Black,AC/DC,02:18,-
Birthday,The Beatles,02:52,-
Heart of Glass,Blondie,02:26,-
Tainted Love,Soft Cell,03:25,-
Red Barchetta,Rush,02:56,-
Fool For The City,Foghat,03:25,-
So Into You,Atlanta Rhythm Section,02:16,-
Against The Wind,Bob Seger,02:56,-
Panama,Van Halen,03:30,-
Big Ten Inch,Aerosmith,03:05,-
Bad Reputation,Joan Jett,02:55,-
Like a Rolling Stone,Bob Dylan,02:12,-
Brown Eyed Girl,Van Morrison,02:48,-
Backstreets,Bruce Springsteen,02:38,-
Nobody's Fool,Cinderella,02:17,-
Pour Some Sugar On Me,Def Leppard,02:08,-
About a Girl,Nirvana,02:33,-
Growin' Up,Bruce Springsteen,03:00,-
Keep Yourself Alive,Queen,02:10,-
Keep Talking,Pink Floyd,03:20,-
Let It Rain,Eric Clapton,02:11,-
Almost Hear You Sigh,Rolling Stones,03:23,-
Devil With the Blue Dress On,Mitch Ryder,02:33,-
Big Log,Robert Plant,03:16,-
Vasoline,Stone Temple Pilots,02:32,-
Enter Sandman,Metallica,03:06,-
Rock 'N Me,Steve Miller Band,03:03,-
Leave It,Yes,02:13,-
Bloody Well Right,Supertramp,03:11,-
Across The Universe,The Beatles,02:03,-
Free Bird,Lynyrd Skynyrd,03:18,-
Jumpin' Jack Flash,Rolling Stones,02:46,-
War Pigs,Black Sabbath,02:12,-
Hollywood Nights,Bob Seger,02:40,-
Man On The Corner,Genesis,02:30,-
Hit Me With Your Best Shot,Pat Benatar,03:12,-
Sugar Magnolia,Grateful Dead,02:24,-
Fire,Jimi Hendrix,02:43,-
Scenes From An Italian Restaurant,Billy Joel,03:17,-
Crossroads,Cream,02:13,-
Yellow Submarine,The Beatles,03:21,-
Burning Down the House,Talking Heads,02:52,-
Welcome To The Boomtown,David & David,03:26,-
Entre Nous,Rush,03:14,-
Another Brick In The Wall,Pink Floyd,03:23,-
Golden Years,David Bowie,03:03,-
Jesus Is Just Alright,The Doobie Brothers,02:50,-
The Way It Is,Bruce Hornsby & The Range,02:28,-
Losing My Religion,R.E.M.,03:10,-
All Apologies,Nirvana,02:43,-
Runnin' with the Devil,Van Halen,03:29,-
Paradise City,Guns N' Roses,03:14,-
Me And Julio Down By The Schoolyard,Paul Simon,02:51,-
Get Back,The Beatles,03:09,-
Bonzo's Montreaux,Led Zeppelin,02:18,-
Heaven,Bryan Adams,03:26,-
Working Man,Rush,02:21,-
Second Hand News,Fleetwood Mac,03:10,-
Set The Controls For The Heart Of The Sun,Pink Floyd,02:59,-
Little Wing,Jimi Hendrix,02:21,-
Romeo And Juliet,Dire Straits,02:02,-
Desire,U2,03:05,-
La Grange,ZZ Top,03:29,-
Starman,David Bowie,02:52,-
Born On the Bayou,Creedence Clearwater Revival,02:15,-
Fire On High,Electric Light Orchestra,02:16,-
Fly Away,Lenny Kravitz,02:28,-
THE SEEKER,The Who,02:01,-
The Rain Song,Led Zeppelin,03:23,-
Dirty Water,The Standells,02:29,-
Bad to the Bone,George Thorogood,02:04,-
Somebody's Baby,Jackson Browne,02:35,-
Where the Streets Have No Name,U2,02:20,-
Jaded,Aerosmith,02:30,-
Walk This Way,Aerosmith,02:47,-
Jessie's Girl,Rick Springfield,03:04,-
Just Like A Woman,Bob Dylan,02:11,-
Allentown,Billy Joel,02:05,-
Friend Of The Devil,Grateful Dead,03:05,-
Blue Collar Man,Styx,03:27,-
I Saw the Light,Todd Rundgren,03:01,-
Maybe I'm Amazed,Paul McCartney & Wings,03:23,-
Katmandu,Bob Seger,03:24,-
Hot Rod Lincoln,Commander Cody,03:03,-
Saturday In the Park,Chicago,03:25,-
You Might Think,The Cars,02:38,-
Walk of Life,Dire Straits,02:22,-
What I Like About You,The Romantics,02:42,-
Love Me Do,The Beatles,02:04,-
Baba O'Reilly,The Who,03:12,-
Wild Honey Pie,The Beatles,02:02,-
AIN'T NO SUNSHINE,Bill Withers,02:42,-
Summer Of '69,Bryan Adams,03:23,-
Dazed and Confused,Led Zeppelin,02:35,-
Industrial Disease,Dire Straits,03:26,-
The Crunge,Led Zeppelin,03:16,-
Sultans of Swing,Dire Straits,02:52,-
NOWHERE MAN,The Beatles,02:53,-
White Room,Cream,03:14,-
Don't Get Me Wrong,The Pretenders,03:19,-
Bicycle Race/fat Bottomed Girls,Queen,03:22,-
Deacon Blues,Steely Dan,02:41,-
What It's Like,Everlast,03:30,-
Sugar Mountain,Neil Young,03:10,-
Still the Same,Bob Seger,03:19,-
We Can Work It Out,The Beatles,02:57,-
Wheel in the Sky,Journey,02:41,-
Until It Sleeps,Metallica,02:50,-
Shout,Tears for Fears,03:01,-
Limelight,Rush,02:45,-
Faithfully,Journey,02:09,-
Harmony,Elton John,02:30,-
All Night Long,Joe Walsh,03:20,-
Can't Buy Me Love,The Beatles,03:08,-
Fooling Yourself,Styx,02:07,-
The Departed (Sun Is Going Down),Helloween,04:40,The Dark Ride
Bye Bye Love,The Cars,03:13,-
CALIFORNIA DREAMIN',The Mamas ,02:33,-
Kiss Me Deadly,Lita Ford,03:15,-
Right Now,Van Halen,03:24,-
Time/Gig in The Sky,Pink Floyd,02:36,-
Ballroom Blitz,Sweet,02:15,-
Angel,Jimi Hendrix,02:22,-
A Girl Like You,The Smithereens,03:14,-
Cuts Like a Knife,Bryan Adams,02:52,-
Is She Really Going Out With Him?,Joe Jackson,02:44,-
Cold Hard Bitch,Jet,02:49,-
Hey Jude,The Beatles,02:09,-
Dolly Dagger,Jimi Hendrix,02:46,-
I Remember You,Skid Row,02:46,-
Take It to the Limit,Eagles,03:15,-
Test For Echo,Rush,02:06,-
Have a Drink On Me,AC/DC,02:21,-
Freewill,Rush,02:41,-
High Enough,Damn Yankees,03:07,-
Takin' Care Of Business,Bachman-Turner Overdrive,03:11,-
Don't Come Around Here No More,Tom Petty & The Heartbreakers,03:26,-
Foxey Lady,Jimi Hendrix,03:10,-
Scuttle Buttin',Stevie Ray Vaughan,03:00,-
I've Seen All Good People,Yes,02:16,-
Shadows Of The Night,Pat Benatar,03:22,-
Suite Madame Blue,Styx,02:24,-
Pink Houses,John Mellencamp,02:12,-
You May Be Right,Billy Joel,02:38,-
Bitch,Rolling Stones,03:00,-
Soy yo,Bomba Estereo,2:39,Amanecer
Axel F Theme,Harold Faltermeyer,02:06,-
Sometimes A Fantasy,Billy Joel,02:28,-
The Ballad Of Curtis Loew,Lynyrd Skynyrd,02:58,-
Purple Haze,Jimi Hendrix,02:38,-
Dixie/Sweet Home Alabama,Lynyrd Skynyrd,02:43,-
Smoke On The Water,Deep Purple,02:19,-
Miami 2017 seen The Lights Go Out On Broadway (live 1,Billy Joel,02:24,-
I Can See For Miles,The Who,02:49,-
Moby Dick,Led Zeppelin,03:19,-
Animal,Def Leppard,02:04,-
Waterloo Sunset,The Kinks,03:27,-
Cryin',Aerosmith,02:06,-
Under the Bridge,Red Hot Chili Peppers,02:03,-
Oh Well,Fleetwood Mac,02:25,-
Do Wah Diddy Diddy,Manfred Mann,02:19,-
Lady Madonna,The Beatles,02:55,-
In A Gadda Da Vida,Iron Butterfly,02:05,-
Renegade,Styx,03:21,-
It's A Long Way To The Top,AC/DC,02:55,-
Shattered,Rolling Stones,02:58,-
IT WON'T BE LONG,The Beatles,02:27,-
Small Town,John Mellencamp,03:09,-
Locomotive Breath,Jethro Tull,02:13,-
Insulto,Francisca Valenzuela,4:23,Tajo Abierto
Back Off Boogaloo,Ringo Starr,02:53,-
Wasted Years,Iron Maiden,02:50,-
Peaceful Easy Feeling,Eagles,02:12,-
Spirit In The Sky,Norman Greenbaum,02:14,-
Take On Me,a-ha,02:58,-
Boogie With Stu,Led Zeppelin,03:07,-
Mrs. Robinson,Simon & Garfunkel,03:17,-
Modern Love,David Bowie,03:21,-
Rock and Roll Ain't Noise Pollution,AC/DC,02:38,-
Blue Sky,Allman Brothers Band,02:38,-
Why Don't We Get Drunk,Jimmy Buffett,02:28,-
Play the Game Tonight,Kansas,02:28,-
Shout at the Devil,Motley Crue,03:21,-
Edge of Seventeen,Stevie Nicks,03:03,-
I'm So Glad,Cream,03:28,-
Free Fallin',Tom Petty & The Heartbreakers,02:43,-
Best of You,Foo Fighters,03:18,-
Are You Receiving Me,Golden Earring,02:56,-
GOT MY MIND SET ON YOU,George Harrison,03:21,-
Helen Wheels,Paul McCartney & Wings,02:04,-
Lodi,Creedence Clearwater Revival,02:41,-
Blaze of Glory,Bon Jovi,03:24,-
All Along the Watchtower,Jimi Hendrix,02:13,-
Going to California,Led Zeppelin,02:58,-
Fearless,Pink Floyd,02:47,-
Love Walks In,Van Halen,02:26,-
Livin' Thing,Electric Light Orchestra,02:10,-
Angie,Rolling Stones,03:20,-
YYZ,Rush,02:09,-
Piano Man,Billy Joel,02:54,-
Cat's In The Cradle,Harry Chapin,03:12,-
Heard It On the X,ZZ Top,02:15,-
Itchycoo Park,The Small Faces,02:00,-
(Oh) Pretty Woman,Van Halen,02:47,-
Good Riddance (Time Of Your Life),Green Day,02:20,-
The Night They Drove Old Dixie Down,The Band,02:25,-
Sad But True,Metallica,02:39,-
Goodbye Daughters of the Revolution,The Black Crowes,03:17,-
Eleanor Rigby,The Beatles,02:19,-
Barracuda,Heart,02:09,-
Going Mobile,The Who,02:28,-
All My Life,Foo Fighters,02:22,-
Hard As A Rock,AC/DC,02:48,-
BAD BOY,The Beatles,02:06,-
Hair Of The Dog,Nazareth,02:35,-
You Better You Bet,The Who,02:18,-
Heartache Tonight,Eagles,02:18,-
Twentieth Century Fox,The Doors,02:53,-
Brain Damage /Eclipse,Pink Floyd,03:25,-
Listen To The Music,The Doobie Brothers,02:57,-
Separate Ways (Worlds Apart),Journey,03:29,-
Kickstart My Heart,Motley Crue,02:26,-
Hell Is for Children,Pat Benatar,02:02,-
New Kid In Town,Eagles,02:55,-
Time of the Season,Zombies,02:12,-
Don't Tell Me You Love Me,Night Ranger,02:23,-
Expresso Love,Dire Straits,02:02,-
Back On The Chain Gang,The Pretenders,03:04,-
By the Way,Red Hot Chili Peppers,02:04,-
Monterey,The Animals,03:25,-
Beautiful Girls,Van Halen,03:15,-
Fairies Wear Boots,Black Sabbath,03:24,-
PLAY THAT FUNKY MUSIC,Wild Cherry,02:17,-
Instant Karma,John Lennon,02:07,-
Lightning Crashes,Live,02:37,-
Centerfold,J. Geils Band,02:39,-
Hold The Line,Toto,02:29,-
American Girl,Tom Petty & The Heartbreakers,02:22,-
Powderfinger,Neil Young,02:55,-
Captain Jack,Billy Joel,02:36,-
Harvester Of Sorrow,Metallica,02:42,-
Substitute,The Who,02:49,-
Who's Crying Now,Journey,02:11,-
Far Behind,Candlebox,02:37,-
You Took The Words Right Out Of My Mouth,Meat Loaf,02:05,-
You Wear It Well,Rod Stewart,02:07,-
Big Gun,AC/DC,02:34,-
Dr. Feelgood,Motley Crue,03:28,-
Rooster,Alice In Chains,02:34,-
I'm Alright,Kenny Loggins,03:15,-
Reelin' in the Years,Steely Dan,02:08,-
Goodbye Yellow Brick Road,Elton John,02:03,-
Touch Me,The Doors,02:39,-
Hats Off To roy Harper,Led Zeppelin,03:12,-
We Damn The Night,Helloween,04:10,The Dark Ride
Arrested For Driving While Blind,ZZ Top,02:17,-
Saved By Zero,The Fixx,03:24,-
Jane,Jefferson Starship,03:09,-
Fooled around and Fell in Love,Elvin Bishop,03:28,-
Babe I'm Gonna Leave You,Led Zeppelin,03:11,-
Chest Fever,The Band,03:24,-
Show Don't Tell,Rush,02:55,-
Helter Skelter,The Beatles,02:58,-
Talk To Ya Later,The Tubes,02:58,-
Got Me Under Pressure,ZZ Top,02:22,-
Tangled Up In Blue,Bob Dylan,02:32,-
IT'S TOO LATE,Carole King,03:17,-
1979,Smashing Pumpkins,02:32,-
Sweet Emotion,Aerosmith,02:39,-
Somos dos,Bomba Estereo,3:59,Amanecer
Red,Sammy Hagar,02:16,-
THESE ARE THE DAYS OF OUR LI,Queen,02:33,-
Woman,John Lennon,02:36,-
Since I've Been Loving You,Led Zeppelin,02:39,-
Fortress Around Your Heart,Sting,03:18,-
Art For Arts Sake,10cc,03:20,-
We've Got Tonite,Bob Seger,02:46,-
Peace of Mind,Boston,02:11,-
You Got Lucky,Tom Petty & The Heartbreakers,03:24,-
Your Song,Elton John,03:16,-
We Are the Champions,Queen,02:46,-
Spoonman,Soundgarden,03:06,-
Little Lies,Fleetwood Mac,03:07,-
Black,Pearl Jam,02:18,-
Iron Man,Black Sabbath,02:40,-
Eighteen,Alice Cooper,02:27,-
My Life,Billy Joel,02:38,-
No Matter What,Badfinger,02:33,-
Dirty Laundry,Don Henley,03:17,-
Sweetest Thing,U2,03:06,-
Interstate Love Song,Stone Temple Pilots,02:47,-
Journey to the Center of the Mind,The Amboy Dukes,02:47,-
Who Made Who,AC/DC,02:11,-
Hurts So Good,John Mellencamp,03:29,-
Just What I Needed,The Cars,03:16,-
Magic Carpet Ride,Steppenwolf,02:34,-
Back In the High Life Again,Steve Winwood,02:33,-
Shot Down In Flames,AC/DC,03:15,-
The Number Of The Beast,Iron Maiden,02:45,-
Even Better Than the Real Thing,U2,02:25,-
Veronica,Elvis Costello,02:20,-
Cult Of Personality,Living Colour,02:04,-
Question,The Moody Blues,03:20,-
In a Big Country,Big Country,03:16,-
Rock Around the Clock,Bill Haley,02:16,-
The Long Run,Eagles,02:49,-
Clampdown,The Clash,02:50,-
Welcome to the Jungle,Guns N' Roses,02:36,-
Happy Together,Turtles,03:28,-
19th Nervous Breakdown,Rolling Stones,03:10,-
Mysterious Ways,U2,03:28,-
Ventura Highway,America,03:26,-
Been Caught Stealing,Jane's Addiction,02:17,-
Carry On Wayward Son,Kansas,02:44,-
I Want A New Drug,Huey Lewis & The News,02:10,-
Pink,Aerosmith,03:28,-
I'm Eighteen,Alice Cooper,02:34,-
Runnin' Down a Dream,Tom Petty & The Heartbreakers,02:15,-
1984/jump,Van Halen,03:14,-
Celebration Day,Led Zeppelin,02:30,-
Season of the Witch,Donovan,02:40,-
Devil Inside,INXS,03:20,-
Tush,ZZ Top,03:09,-
You Shook Me,Led Zeppelin,02:34,-
Tusk,Fleetwood Mac,03:22,-
Third Stone From The Sun,Jimi Hendrix,02:58,-
Urgent,Foreigner,02:23,-
Already Gone,Eagles,02:44,-
Hells Bells,AC/DC,02:47,-
Spill the Wine,War,03:29,-
Let Me Roll It,Paul McCartney & Wings,02:27,-
Any Way You Want It,Journey,02:10,-
I Love the Night,Blue Oyster Cult,02:41,-
Every Picture Tells A Story,Rod Stewart,02:22,-
I'm Down,The Beatles,03:04,-
Start Me Up,Rolling Stones,02:05,-
Runaway,Bon Jovi,02:09,-
TV Dinners,ZZ Top,02:46,-
Monkey Man,Rolling Stones,02:24,-
Seasons of Wither,Aerosmith,02:19,-
Lick It Up,Kiss,02:56,-
Evil Woman,Electric Light Orchestra,02:53,-
Lola,The Kinks,02:40,-
867-5309 / Jenny,Tommy Tutone,02:21,-
Silly Love Songs,Paul McCartney & Wings,02:36,-
Rio,Duran Duran,02:42,-
Feels Like the First Time,Foreigner,02:36,-
Beth,Kiss,02:42,-
Cold Gin,Kiss,03:29,-
Bohemian Rhapsody,Queen,03:28,-
Presence of the Lord,Blind Faith,02:58,-
The Long And Winding Road,The Beatles,02:30,-
When Love Comes to Town,U2,02:25,-
Bargain,The Who,02:49,-
People Are Strange,The Doors,02:29,-
Your're Sixteen,Ringo Starr,02:16,-
Stairway to Heaven,Led Zeppelin,03:08,-
The Spirit of Radio,Rush,03:07,-
Uneasy Rider,Charlie Daniels Band,02:42,-
Comfortably Numb,Pink Floyd,02:53,-
Black Mountain Side,Led Zeppelin,02:42,-
Keep Your Hands To Yourself,Georgia Satellites,02:48,-
Black Dog,Led Zeppelin,03:14,-
Baby You're A Rich Man,The Beatles,02:29,-
Dance the Night Away,Van Halen,02:15,-
Baby Hold On,Eddie Money,02:34,-
Sunny Afternoon,The Kinks,02:36,-
You Give Love A Bad Name,Bon Jovi,02:32,-
Ain't Talkin' 'bout Love,Van Halen,02:58,-
House Of Pain,Faster Pussycat,02:57,-
Down On the Corner,Creedence Clearwater Revival,03:23,-
The Song Remains the Same,Led Zeppelin,03:27,-
We Belong,Pat Benatar,02:52,-
Eye of the Tiger,Survivor,02:42,-
Here Comes My Girl,Tom Petty & The Heartbreakers,02:52,-
You Don't Know How It Feels,Tom Petty & The Heartbreakers,02:32,-
Out On The Tiles,Led Zeppelin,02:01,-
AFRICA,Toto,02:19,-
Love Me Two Times,The Doors,02:56,-
Diamond Dogs,David Bowie,02:23,-
No Excuses,Alice In Chains,02:46,-
When I Come Around,Green Day,03:22,-
Sister Christian,Night Ranger,03:07,-
Good Times Bad Times,Led Zeppelin,02:14,-
Addicted,Amy Winehouse,02:45,Back to Black
Teacher,Jethro Tull,02:32,-
Get Off Of My Cloud,Rolling Stones,02:36,-
No More Mr. Nice Guy,Alice Cooper,02:46,-
Atlantic City,Bruce Springsteen,02:03,-
Turn It On Again,Genesis,03:00,-
When The Levee Breaks,Led Zeppelin,03:11,-
Your Time Is Gonna Come,Led Zeppelin,02:09,-
Roll With It,Steve Winwood,02:34,-
For What It's Worth,Buffalo Springfield,02:22,-
I Hate Myself For Loving You,Joan Jett,02:23,-
Mr. Jones,Counting Crows,02:58,-
Another Rainy Night,Queensryche,03:07,-
Piece of My Heart,Janis Joplin,02:07,-
Manic Depression,Jimi Hendrix,03:19,-
Take It on the Run,REO Speedwagon,02:29,-
Calling Dr. Love,Kiss,02:27,-
Tajo abierto,Francisca Valenzuela,4:10,Tajo Abierto
Run Like Hell,Pink Floyd,03:10,-
Melissa,Allman Brothers Band,03:10,-
I Can't Fight This Feeling,REO Speedwagon,03:00,-
Crosstown Traffic,Jimi Hendrix,03:01,-
Don't Let Me Be Misunderstood,Animals II,02:49,-
Breaking The Law,Judas Priest,02:05,-
Lithium,Nirvana,03:29,-
Holiday / Boulevard of Broken Dreams,Green Day,02:27,-
Armadura,Francisca Valenzuela,4:07,Tajo Abierto
If You Wanna Get to Heaven,Ozark Mountain Daredevils,03:12,-
Call Me the Breeze,Lynyrd Skynyrd,02:49,-
One of These Nights,Eagles,02:32,-
Day Tripper,The Beatles,03:09,-
GIMME SOME LOVIN',Spencer Davis Group,02:50,-
Hey You,Pink Floyd,02:39,-
My Sharona,The Knack,02:23,-
Let It Bleed,Rolling Stones,03:16,-
Empty Spaces,Pink Floyd,03:28,-
To Hell With the Devil,Stryper,02:12,-
It Can Happen,Yes,03:27,-
Refugee,Tom Petty & The Heartbreakers,02:23,-
Rockstar,Nickelback,02:40,-
Behind Blue Eyes,The Who,02:07,-
Dani California,Red Hot Chili Peppers,02:43,-
Hypnotized,Fleetwood Mac,03:19,-
18 And Life,Skid Row,02:55,-
No esperen mi regreso,Francisca Valenzuela,4:31,Tajo Abierto
Roundabout,Yes,02:16,-
Down in a Hole,Alice In Chains,02:20,-
I Drink Alone,George Thorogood,03:08,-
Living Loving Maid (She's Just a Woman),Led Zeppelin,02:18,-
Come Out and Play,The Offspring,02:43,-
No Rain,Blind Melon,02:29,-
Rock And Roll Never Forgets,Bob Seger,03:28,-
Back In the U.S.S.R.,The Beatles,02:56,-
November Rain,Guns N' Roses,03:15,-
Heroes,David Bowie,02:14,-
Hello It's Me,Todd Rundgren,02:24,-
Legs,ZZ Top,02:08,-
Loves Me Like a Rock,Paul Simon,02:59,-
Kryptonite,3 Doors Down,02:04,-
Only Time Will Tell,Asia,03:06,-
Angel Of Harlem,U2,03:15,-
Lonely Is the Night,Billy Squier,03:13,-
The Road and the Sky,Jackson Browne,02:19,-
AND WE DANCED,Hooters,02:40,-
Polly,Nirvana,02:12,-
She's a Beauty,The Tubes,02:40,-
I Will Follow,U2,02:04,-
Twilight Zone,Golden Earring,02:16,-
You Better Run,Pat Benatar,03:20,-
Breakfast in America,Supertramp,02:55,-
Gimme All Your Lovin,ZZ Top,02:22,-
A Day In The Life,The Beatles,03:08,-
Tequila Sunrise,Eagles,03:04,-
All She Wants to Do Is Dance,Don Henley,02:40,-
Hot Blooded,Foreigner,03:19,-
A Woman In Love,Tom Petty & The Heartbreakers,02:13,-
Take Me Home Tonight,Eddie Money,03:19,-
Silent Lucidity,Queensryche,02:31,-
Only The Good Die Young,Billy Joel,03:27,-
A Trick of the Tail,Genesis,02:11,-
Dog On A Leash,Adelitas Way,03:11,-
Rockin' In the Free World,Neil Young,02:16,-
Pride (In the Name of Love),U2,02:40,-
Jessica,Allman Brothers Band,02:12,-
Lust for Life,Iggy Pop,02:38,-
More Than Words,Extreme,02:38,-
Go Your Own Way,Fleetwood Mac,03:08,-
IN MY LIFE,The Beatles,02:38,-
Love Shack,The B-52's,03:08,-
No One Knows,Queens of the Stone Age,02:18,-
Son of a Son of a Sailor,Jimmy Buffett,03:07,-
Patience,Guns N' Roses,02:26,-
Dream Weaver,Gary Wright,03:24,-
Magical Mystery Tour,The Beatles,02:14,-
Drift Away,Dobie Gray,03:10,-
Black Betty,Ram Jam,02:57,-
The Kids Are Alright,The Who,03:18,-
Green Onions,Booker T. and the MG's,02:55,-
Times Like These,Foo Fighters,03:22,-
Watching the Wheels,John Lennon,02:25,-
Kentucky Woman,Deep Purple,02:43,-
Something To Believe In,Poison,02:33,-
Hot Dog,Led Zeppelin,03:23,-
Any Colour You Like,Pink Floyd,03:22,-
Beyond The Portal,Helloween,01:00,The Dark Ride
Young Lust,Pink Floyd,02:17,-
The Old Man Down The Road,John Fogerty,02:29,-
Southern Man,Neil Young,02:14,-
Join Together,The Who,02:13,-
No One to Depend On,Santana,03:27,-
Yours Is No Disgrace,Yes,02:25,-
Gypsy,Fleetwood Mac,03:11,-
Statesboro Blues,Allman Brothers Band,03:10,-
OH DARLING,The Beatles,02:56,-
When It's Love,Van Halen,02:25,-
She Loves You,The Beatles,02:34,-
THE BITCH IS BACK,Elton John,03:05,-
Stand Back,Stevie Nicks,02:03,-
Nothing Else Matters,Metallica,02:19,-
Gimme Shelter,Rolling Stones,02:20,-
When I'm 64,The Beatles,02:28,-
Twist and Shout,The Beatles,02:28,-
Red Rain,Peter Gabriel,03:04,-
Let It Be,The Beatles,03:21,-
Dancing In the Street,Van Halen,03:06,-
Who Are You,The Who,02:22,-
Loco-Motion,Grand Funk Railroad,02:30,-
Bang the Drum All Day,Todd Rundgren,02:04,-
I Want You to Want Me,Cheap Trick,03:13,-
Everlong,Foo Fighters,03:05,-
Gypsy Road,Cinderella,02:09,-
Are You Experienced?,Jimi Hendrix,03:02,-
Rock and Roll,Led Zeppelin,03:26,-
Games People Play,The Alan Parsons Project,02:07,-
Gimme Three Steps,Lynyrd Skynyrd,02:18,-
Living In The Past,Jethro Tull,02:21,-
Smooth,Santana,03:16,-
Questions 67 and 68,Chicago,03:25,-
I Don't Know,Ozzy Osbourne,03:22,-
Cradle of Love,Billy Idol,02:53,-
Used To Love Her,Guns N' Roses,02:11,-
Armageddon It,Def Leppard,02:22,-
Smells Like Teen Spirit,Nirvana,03:04,-
Straight On,Heart,03:29,-
Wild Horses,Rolling Stones,02:41,-
Hush,Deep Purple,03:03,-
The Happiest Days Of Our Lives/another Brick In The Wall,Pink Floyd,02:26,-
Mirror Mirror,Helloween,03:55,The Dark Ride
TIME IN A BOTTLE,Jim Croce,02:43,-
Long Live Rock,The Who,02:56,-
On a Plain,Nirvana,02:11,-
Better Man,Pearl Jam,03:17,-
It's Still Rock And Roll To Me,Billy Joel,02:47,-
